{
  "platform": 0.1239077771142052,
  "post_type": 0.0003828677894800292,
  "hour_bin": 0.051667118383006735,
  "post_hour": 0.27912942281116865,
  "post_weekday": 0.07271081934200399,
  "is_weekend": 0.007219963552912623,
  "is_peak_hour": 0.011053414316971122,
  "has_media": 0.0001549541473860764,
  "is_video": 0.0,
  "is_paid": 2.7877376709133947e-05,
  "caption_length": 0.07079976289903661,
  "hashtag_count": 0.27416156135841574,
  "follower_count": 0.10381801700275083,
  "total_views": 1.7405118252445018,
  "log_total_views": 1.6198442310865224,
  "log_follower_count": 0.04464231505529044,
  "log_caption_length": 0.007019366638148744,
  "video_x_peak": 0.0245185963308243,
  "paid_x_weekend": 1.4329043192098697e-05,
  "media_x_hashtag": 0.0772567299772353
}